{
  "seasonal_naive": {
    "MAE": 287.3333333333333,
    "RMSE": 332.3597448548786,
    "MAPE%": 4.837147694941355,
    "sMAPE%": 4.762124424221543,
    "R2": 0.25750584783966013
  },
  "sarimax": {
    "MAE": 425.13482768919386,
    "RMSE": 479.27534663740386,
    "MAPE%": 7.429098334921462,
    "sMAPE%": 7.099133100988679,
    "R2": -0.5439967564652106,
    "PI_95%_coverage": 33.33333333333333,
    "PI_95%_avg_width": 724.0023076815587,
    "spec": "((1, 1, 1), (0, 1, 1, 12))"
  },
  "ets": {
    "MAE": 430.00527649249216,
    "RMSE": 472.45291705453945,
    "MAPE%": 7.429556875817217,
    "sMAPE%": 7.126760627568378,
    "R2": -0.500352386112831,
    "spec": "{'trend': 'add', 'seasonal': 'mul', 'damped_trend': True}"
  },
  "random_forest": {
    "MAE": 225.40285714285724,
    "RMSE": 265.11261667142026,
    "MAPE%": 3.779191192662313,
    "sMAPE%": 3.788545942243613,
    "R2": 0.5275705133960288
  }
}